因变量,通话总量,大网占比,小网占比
0.21261967,2.822821645,0.903759398,0.219548872
0.275615636,2.62838893,0.971764706,0.028235294
0.16875259,2.537819095,0.991304348,0.223188406
0.154442549,3.201123897,0.898678414,0.112649465
0.333799014,3.132579848,0.846720707,0.153279293
-0.206491676,0.84509804,1,0
0.089579541,2.624282096,0.86935867,0.13064133
0.258323007,2.77815125,0.488333333,0.531666667
0.329656319,2.906873535,0.997521685,0.215613383
0.225374087,2.852479994,0.85252809,0.231741573
0.146015534,2.815577748,0.732415902,0.79204893
0.062842665,2.397940009,0.988,0.472
0.16661903,2.549003262,0.774011299,0.225988701
-0.114692,1.986771734,0.587628866,0.412371134
0.133040059,2.630427875,0.955503513,0.044496487
0.310932211,3.071882007,0.916949153,0.162711864
0.248090631,2.904174368,0.83915212,0.788029925
0.249730096,2.428134794,0.914179104,0.343283582
0.192738448,2.489958479,0.731391586,0.472491909
0.020250347,1.662757832,1,0
0.24762407,2.963315511,0.704026115,0.295973885
0.147521899,2.795880017,0.6768,0.3232
-0.007162925,1.857332496,0.375,0.625
0.267620015,2.644438589,0.963718821,0.126984127
0.188381884,2.790988475,0.567961165,0.444983819
0.167254811,2.919078092,0.920481928,0.079518072
0.168807031,2.413299764,1,0
0.270320997,2.964730921,0.934924078,0.065075922
0.194026035,2.848804701,0.923512748,0.471671388
0.194647626,2.522444234,0.87987988,0.12012012
0.215169779,2.790285164,0.961102107,0.379254457
0.001788357,1.755874856,1,0.01754386
0.141783527,2.609594409,0.619164619,0.466830467
0.200629558,2.665580991,0.831533477,0.451403888
0.275504779,2.829946696,0.976331361,0.310650888
0.196468203,2.103803721,0.952755906,0.047244094
0.230546542,2.784617293,0.63546798,0.36453202
0.191873851,2.683947131,0.962732919,0.037267081
0.089072266,2.589949601,0.737789203,0.598971722
0.174600469,2.726727209,0.831144465,0.508442777
0.221562602,2.888740961,0.993540052,0.006459948
0.276706543,3.093771781,0.850926672,0.235294118
0.313072339,3.143639235,0.944683908,0.055316092
0.186823549,2.597695186,0.813131313,0.186868687
0.174688804,2.693726949,0.597165992,0.4048583
0.3702081,3.335257256,0.951016636,0.048983364
0.08547264,2.930949031,0.951934349,0.72919109
0.159187036,2.387389826,0.860655738,0.139344262
0.186821117,2.593286067,0.928571429,0.479591837
0.153822338,2.44870632,0.975088968,0.024911032
0.031309165,2.465382851,0.97260274,0.02739726
0.141822636,2.477121255,0.986666667,0.013333333
0.325770028,3.175511813,0.870493992,0.139519359
0.187053482,2.45484486,0.947368421,0.052631579
0.301674096,2.925827575,0.99881376,0.00118624
0.042697383,2.243038049,0.708571429,0.291428571
0.099012787,2.245512668,0.954545455,0.045454545
0.071247517,2.492760389,0.678456592,0.321543408
0.286739906,3.004321374,0.90990099,0.169306931
0.225020341,2.813580989,0.9093702,0.0906298
0.039776364,1.770852012,0.915254237,0.084745763
0.308200381,3.263162465,0.889798145,0.110201855
0.16855366,2.372912003,0.940677966,0.06779661
0.099435217,2.340444115,0.808219178,0.191780822
0.298211367,2.654176542,0.716186253,0.283813747
0.164136132,2.478566496,0.750830565,0.485049834
0.122328475,2.411619706,0.930232558,0.069767442
0.063142964,2,0.85,0.43
0.229429251,2.434568904,0.959558824,0.139705882
0.167661297,2.859738566,0.930939227,0.354972376
0.14263724,2.247973266,0.84180791,0.322033898
0.059834088,2.049218023,0.875,0.258928571
0.039189033,2.127104798,0.835820896,0.246268657
0.21664828,2.752816431,0.856890459,0.143109541
0.213682147,2.463892989,0.628865979,0.810996564
0.233331265,2.551449998,0.719101124,0.280898876
0.500871109,2.068185862,0.444444444,0.555555556
0.031460277,1.662757832,0.956521739,0.043478261
0.28602331,3.027349608,0.937089202,0.062910798
0.26756142,2.562292864,0.901369863,0.380821918
0.120974776,2.846337112,0.947293447,0.176638177
0.0423062,1.875061263,0.84,0.426666667
0.23019252,2.916980047,0.779661017,0.220338983
0.064104649,2.133538908,0.772058824,0.264705882
0.089665898,2.361727836,0.508695652,0.565217391
0.099150309,2.630427875,0.50117096,0.538641686
0.603441358,2.904174368,0.112219451,0.887780549
0.017276116,1.968482949,0.870967742,0.129032258
0.081977745,2.230448921,0.8,0.623529412
0.107900751,2.387389826,0.581967213,0.459016393
0.278334566,2.921686475,0.894610778,0.605988024
0.121387126,2.552668216,0.638655462,0.464985994
0.243136858,2.45331834,0.746478873,0.253521127
0.238798155,2.522444234,0.693693694,0.384384384
0.182339312,2.635483747,0.75,0.358796296
0.065720157,2.152288344,0.929577465,0.070422535
-0.033916031,1.556302501,0.694444444,0.305555556
0.095670936,2.318063335,0.567307692,0.432692308
0.097940221,2.489958479,0.414239482,0.631067961
0.298348184,3.080626487,0.890365449,0.109634551
0.207530697,2.041392685,0.963636364,0.418181818
0.116547574,2.017033339,0.836538462,0.317307692
0.230388013,2.920123326,0.935096154,0.157451923
0.078608163,2.190331698,0.974193548,0.103225806
0.264937333,2.389166084,0.881632653,0.151020408
-0.109092542,1.278753601,0.842105263,0.157894737
0.025295243,2.008600172,0.921568627,0.078431373
0.15331723,2.44870632,0.896797153,0.1886121
0.189147071,2.536558443,0.703488372,0.354651163
0.17786719,2.397940009,0.896,0.104
0.226587073,2.463892989,0.749140893,0.374570447
0.130621557,2.206825876,0.807453416,0.192546584
0.166449274,2.709269961,0.66796875,0.48046875
0.245237628,2.980911938,0.598746082,0.401253918
0.298180159,2.925312091,0.756532067,0.371733967
0.066765263,2.1430148,0.762589928,0.237410072
0.118971937,2.604226053,0.888059701,0.664179104
0.308692041,2.901458321,0.776662484,0.710163112
0.27472891,2.813580989,0.952380952,0.055299539
0.062932851,2.421603927,0.727272727,0.310606061
0.124611244,2.872156273,0.872483221,0.127516779
0.221755176,2.414973348,0.973076923,0.026923077
0.237722179,2.401400541,0.984126984,0.015873016
0.233292707,2.741151599,0.898366606,0.101633394
0.07453044,2.311753861,0.863414634,0.136585366
0.292021965,3.199755177,0.98989899,0.039141414
0.151937694,2.760422483,0.782986111,0.229166667
0.05630059,2.311753861,0.643902439,0.356097561
-0.02550238,1.633468456,0.906976744,0.093023256
0.22302659,2.29666519,0.883838384,0.287878788
0.29600834,3.040206628,0.623518687,0.678213309
0.096537348,2.133538908,0.816176471,0.360294118
0.136275696,2.382017043,0.68879668,0.31120332
-0.13762341,0.77815125,1,0
0.203829459,2.146128036,0.971428571,0.028571429
0.237652169,1.963787827,0.97826087,0.02173913
0.076388629,2.376576957,0.533613445,0.466386555
0.366757111,3.039414119,0.656621005,0.628310502
0.132401147,2.403120521,0.984189723,0.015810277
0.122927307,2.146128036,0.328571429,0.671428571
0.124300924,2.06069784,0.991304348,0.052173913
0.293955945,3.041787319,0.856494096,0.143505904
0.138895306,2.551449998,0.980337079,0.019662921
0.402545012,2.627365857,0.992924528,0.393867925
0.175176046,2.790285164,0.871961102,0.241491086
0.000523234,1.568201724,1,0
0.135563245,2.877371346,0.220159151,0.807692308
0.061594521,2.450249108,0.975177305,0.106382979
0.123787967,2.371067862,0.885106383,0.119148936
0.185657434,2.62324929,0.871428571,0.128571429
0.004987163,1.806179974,0.921875,0.265625
0.303164497,3.005609445,0.764067127,0.254689042
0.129838005,2.42975228,0.936802974,0.063197026
0.189553557,2.487138375,0.951140065,0.140065147
0.428303902,2.08278537,0.73553719,0.26446281
0.168833758,2.281033367,0.905759162,0.387434555
0.067916335,2.071882007,0.661016949,0.338983051
0.743557027,2.697229343,0.993975904,0.238955823
0.209220641,1.903089987,0.9875,0.0625
0.063123357,2.565847819,0.608695652,0.391304348
0.032977747,2.439332694,0.516363636,0.483636364
0.24193288,2.330413773,0.91588785,0.093457944
0.140268507,2.127104798,0.850746269,0.164179104
0.2097962,2.549003262,0.957627119,0.104519774
0.142212928,2.428134794,0.951492537,0.048507463
-0.233251714,1,0.7,0.3
0.255268281,2.814247596,1,0
0.418251999,3.160168293,0.997233748,0.024204703
0.293345105,2.725094521,0.587570621,0.412429379
0.190667838,2.580924976,0.713910761,0.286089239
0.132797758,2.683047038,0.93153527,0.06846473
0.041208542,1.643452676,0.909090909,0.386363636
0.208725579,2.691081492,0.741344196,0.466395112
0.196005291,2.324282455,0.829383886,0.170616114
0.168666568,2.401400541,0.936507937,0.063492063
0.073435251,2.225309282,0.75,0.44047619
0.052803155,2.161368002,0.772413793,0.227586207
0.299676422,3.20709554,0.954065798,0.045934202
0.163092539,2.57634135,0.925729443,0.291777188
0.033329279,1.672097858,1,0.021276596
0.271552643,3.048830087,0.947274352,0.162645219
0.280419718,2.715167358,0.986512524,0.179190751
-0.041881489,2.371067862,0.889361702,0.140425532
0.276734395,2.580924976,0.929133858,0.356955381
0.047811584,2.278753601,0.884210526,0.115789474
0.459132828,3.464936429,0.952005485,0.192320878
0.235674656,2.584331224,0.940104167,0.114583333
0.060025745,2.403120521,0.980237154,0.019762846
0.284066106,3.297979244,0.909365559,0.090634441
0.272022549,2.911690159,0.970588235,0.029411765
0.184226966,2.872156273,0.989261745,0.028187919
-0.023596754,1.903089987,0.7,0.6875
0.22331075,2.943988875,0.96814562,0.03185438
0.169436691,2.164352856,0.910958904,0.356164384
0.117810272,2.519827994,0.80060423,0.50755287
0.2970937,3.13481437,0.899560117,0.197214076
0.037733671,2.465382851,0.554794521,0.445205479
0.192979259,2.584331224,0.825520833,0.174479167
0.253146039,2.978180517,0.804416404,0.404837014
0.188415075,2.635483747,0.962962963,0.037037037
-0.228351221,0.903089987,0.75,0.25
0.242985103,2.765668555,0.694682676,0.305317324
0.106240196,2.267171728,0.821621622,0.232432432
0.114741082,2.100370545,0.936507937,0.063492063
0.344976796,3.228400359,0.910756501,0.089243499
0.090135781,1.86923172,0.891891892,0.162162162
0.26462359,2.515873844,0.81097561,0.329268293
0.269792302,2.788875116,0.970731707,0.26504065
0.21575673,2.567026366,0.951219512,0.048780488
0.252133779,2.617000341,0.685990338,0.374396135
0.216642347,2.873901598,0.53342246,0.487967914
0.273909344,3.105850674,0.838557994,0.161442006
0.156227989,2.620136055,0.477218225,0.657074341
0.259247386,2.733999287,0.815498155,0.184501845
0.150505895,2.587710965,0.772609819,0.405684755
0.056050182,2.123851641,0.563909774,0.436090226
0.066412887,2.290034611,0.943589744,0.128205128
0.177796647,2.82672252,0.739195231,0.266766021
0.092020641,2.322219295,0.957142857,0.042857143
0.107031575,2.222716471,0.994011976,0.071856287
0.176827729,2.57863921,0.944591029,0.055408971
0.11022655,2.399673721,0.796812749,0.247011952
0.367944381,3.267406419,0.977309562,0.022690438
0.142703595,2.340444115,0.99086758,0.00913242
0.182191567,2.658011397,0.817582418,0.301098901
0.302450305,2.951823035,0.860335196,0.139664804
0.291264725,2.808210973,0.99222395,0.124416796
0.302515327,2.544068044,0.848571429,0.8
-0.163248466,1.301029996,0.95,0.05
0.369196849,3.532372134,0.989140006,0.896096272
0.275001713,2.598790507,0.979848866,0.040302267
0.121282489,2.482873584,0.917763158,0.203947368
0.045757816,2.184691431,0.967320261,0.08496732
0.27952325,2.844477176,1,0.246065808
0.309393238,3.104145551,0.989771833,0.046420142
0.255918129,2.786751422,0.975490196,0.024509804
0.318378967,3.202215776,0.988072819,0.202762084
0.724281147,2.829303773,0.73037037,0.361481481
0.045324421,1.995635195,0.919191919,0.121212121
0.269747225,2.822168079,1,0
0.340832779,3.297979244,0.813695871,0.186304129
0.228210256,2.469822016,0.847457627,0.6
0.07996513,2.136720567,0.96350365,0.03649635
0.359707101,3.251151343,0.983174425,0.038698822
0.168368864,2.888179494,0.989650712,0.34152652
0.348972835,3.339451441,0.99771167,0.034324943
0.177481087,2.662757832,0.87173913,0.5
0.24479947,2.758154622,0.820244328,0.642233857
0.102498604,2.371067862,0.770212766,0.285106383
0.400755369,3.336859821,0.98572744,0.01427256
0.160486025,2.539076099,0.947976879,0.052023121
0.115348171,2.29666519,0.974747475,0.025252525
0.277598842,2.990338855,0.982617587,0.051124744
0.202961626,2.866877814,0.827445652,0.172554348
0.137827535,2.456366033,0.828671329,0.185314685
0.281179333,3.062957834,0.914359862,0.09083045
0.087074266,2.487138375,0.90228013,0.09771987
0.195564746,2.553883027,0.974860335,0.025139665
0.137446414,2.45484486,0.964912281,0.035087719
0.21736392,3.097604329,0.488019169,0.546325879
0.227014161,2.894869657,0.954140127,0.045859873
0.216004879,2.888179494,0.663648124,0.358344114
0.290330224,2.8876173,0.911917098,0.773316062
0.08582631,2.463892989,0.903780069,0.223367698
0.489078415,3.363423933,0.93980078,0.06019922
0.332215314,2.949390007,0.728089888,0.292134831
0.224462489,2.656098202,1,0
0.21137517,2.564666064,0.839237057,0.196185286
0.234289142,2.680335513,0.979123173,0.020876827
0.005570907,1.986771734,0.896907216,0.298969072
0.638416044,2.359835482,0.768558952,0.231441048
-0.049913738,1.591064607,0.717948718,0.282051282
0.24361532,2.133538908,0.845588235,0.154411765
0.316249567,3.14332713,0.991373113,0.031631919
0.245741297,2.079181246,0.783333333,0.216666667
0.1368867,2.46834733,0.758503401,0.241496599
0.367378317,2.346352974,0.815315315,0.247747748
0.245272398,2.829946696,0.843195266,0.156804734
0.201017098,2.804139432,0.541601256,0.458398744
0.169798477,2.606381365,0.99009901,0.413366337
0.150382531,2.320146286,0.909090909,0.090909091
0.124740374,2.326335861,0.797169811,0.54245283
0.247421387,2.846337112,0.918803419,0.081196581
0.328545451,2.785329835,0.906557377,0.118032787
0.45173253,3.39375064,0.950726979,0.056946688
0.10804561,2.619093331,0.814903846,0.185096154
0.373840364,3.159867847,0.990311419,0.025605536
0.112794055,2.348304863,0.946188341,0.165919283
0.234737638,2.948901761,0.787401575,0.232845894
0.330533643,2.432969291,0.988929889,0.158671587
0.245215885,2.645422269,0.805429864,0.524886878
0.111830281,2.62838893,0.124705882,0.901176471
0.151465752,2.336459734,0.930875576,0.069124424
0.241710295,2.392696953,1,0.493927126
0.208404664,2.761927838,0.946366782,0.134948097
0.216556373,2.699837726,0.936127745,0.121756487
0.025756794,2.117271296,0.496183206,0.503816794
0.291639558,3.095169351,0.713253012,0.286746988
0.383021787,3.420450859,0.986707178,0.042916825
-0.01607787,2.136720567,0.598540146,0.401459854
0.235431988,2.712649702,0.949612403,0.312015504
0.067209592,2.372912003,0.593220339,0.406779661
0.011361695,2.071882007,0.991525424,0.008474576
0.012739934,1.886490725,1,0
0.250058856,2.922725458,0.91995221,0.573476703
0.125437463,2.45484486,0.645614035,0.389473684
0.166426689,2.511883361,0.941538462,0.058461538
0.213836926,2.718501689,0.906309751,0.093690249
0.154704956,2.689308859,0.922290389,0.077709611
0.059853744,2.230448921,1,0
0.03973161,2.260071388,0.950549451,0.582417582
0.109158391,2.522444234,0.474474474,0.720720721
0.256887434,2.949390007,0.868539326,0.131460674
0.464392909,2.971739591,0.965848453,0.034151547
0.055892661,1.886490725,0.857142857,0.142857143
0.194540798,2.641474111,0.9543379,0.0456621
0.187766131,2.715167358,0.784200385,0.215799615
0.15813623,2.28780173,0.963917526,0.103092784
0.284644969,2.45484486,0.880701754,0.161403509
-0.039181785,2.041392685,0.609090909,0.918181818
0.100941125,2.305351369,0.905940594,0.094059406
0.072086626,2.450249108,0.492907801,0.705673759
0.197813038,2.547774705,0.97733711,0.124645892
0.204143652,2.418301291,1,0.080152672
0.178054954,2.748962861,0.889483066,0.110516934
0.086722101,2.093421685,0.846774194,0.153225806
0.135523553,2.445604203,0.727598566,0.272401434
0.060457549,2.113943352,0.430769231,0.792307692
0.331746284,3.083144143,0.946325351,0.165152766
0.184907498,2.764922985,0.941580756,0.096219931
0.168233638,2.42975228,0.884758364,0.167286245
0.143797294,2.350248018,0.964285714,0.223214286
0.215408216,2.374748346,0.82278481,0.17721519
0.308749353,3.363423933,0.94802945,0.624512776
0.28668122,2.636487896,0.928406467,0.163972286
0.283810571,2.873320602,0.99330656,0.00669344
0.335275651,2.618048097,0.561445783,0.438554217
0.118383478,2.773054693,0.58010118,0.558178752
0.33279353,3.158060794,0.640027797,0.414871438
0.211611381,2.91750551,0.935912938,0.066505441
0.146459671,2.357934847,0.99122807,0.00877193
-0.008094447,1.748188027,0.875,0.125
0.12459129,2.404833717,0.917322835,0.082677165
0.415624211,2.811575006,0.908950617,0.640432099
0.207978064,2.966610987,0.521598272,0.478401728
0.053389234,2.582063363,0.777486911,0.32460733
0.313437995,2.893206753,0.832480818,0.387468031
0.255503091,2.568201724,0.813513514,0.216216216
0.439981865,3.069668097,0.884156729,0.115843271
0.200940921,2.380211242,1,0.2875
0.07381946,1.968482949,0.795698925,0.258064516
0.077366177,2.491361694,0.34516129,0.65483871
0.259165608,2.579783597,0.823684211,0.192105263
0.218547955,2.699837726,0.756487026,0.243512974
0.313666471,3.14176323,0.973304473,0.026695527
0.344288701,2.501059262,0.80126183,0.19873817
0.238775598,2.613841822,1,0.104622871
0.339391563,2.445604203,0.982078853,0.114695341
0.075641601,2.100370545,0.785714286,0.214285714
-0.010355216,2.017033339,0.990384615,0.009615385
0.390796505,3.600972896,0.997744361,0.604761905
0.235905712,3.179838928,0.966292135,0.06741573
0.177891928,2.380211242,0.870833333,0.129166667
0.13422681,2.544068044,0.922857143,0.102857143
0.263020839,2.706717782,0.84675835,0.21611002
0.209899257,2.798650645,0.952305246,0.058823529
0.256452666,2.632457292,0.717948718,0.305361305
0.13560532,2.133538908,1,0
0.158090325,2.235528447,0.901162791,0.098837209
0.180986814,2.546542663,0.846590909,0.238636364
0.302735613,2.653212514,0.982222222,0.033333333
0.06454619,2.193124598,0.967948718,0.217948718
0.37189274,3.266466895,0.893881971,0.195993503
0.312923399,3.128722284,0.949442379,0.050557621
0.108358299,2.426511261,0.606741573,0.449438202
0.268858674,3.151063253,0.992231638,0.007768362
0.183370248,2.240549248,0.977011494,0.022988506
0.227385961,2.716003344,0.957692308,0.182692308
0.035658093,2.195899652,0.955414013,0.439490446
0.10743798,2.378397901,1,0
0.182464959,2.495544338,0.926517572,0.073482428
0.269112075,3.008174184,0.870461237,0.853778214
0.058878603,2.460897843,0.961937716,0.038062284
0.222747107,2.673020907,0.972399151,0.250530786
0.331421991,2.80685803,0.808112324,0.315132605
0.423684605,3.111598525,0.996133024,0.30162413
0.117065015,2.146128036,0.971428571,0.107142857
0.149973656,2.432969291,0.974169742,0.10701107
0.116784771,2.641474111,0.726027397,0.408675799
0.196766172,2.765668555,0.854202401,0.271012007
0.239250792,2.689308859,0.922290389,0.777096115
0.282519847,2.923244019,0.721957041,0.278042959
0.23041361,2.72916479,0.830223881,0.328358209
0.035453585,2.678518379,0.677148847,0.322851153
0.389470933,2.757396029,0.963286713,0.090909091
0.265095961,2.946943271,0.889265537,0.110734463
0.124697497,2.394451681,0.947580645,0.072580645
0.225937713,2.644438589,0.931972789,0.253968254
0.14648982,2.583198774,0.545691906,0.830287206
0.364134806,3.465680212,0.772758385,0.326488706
0.297067728,3.103803721,0.984251969,0.020472441
0.073374967,2.276461804,0.862433862,0.232804233
0.213483408,2.773054693,0.71163575,0.28836425
0.255062238,2.694605199,0.963636364,0.036363636
0.249014449,2.673941999,0.826271186,0.235169492
0.232747973,2.720159303,0.900952381,0.323809524
0.222069918,2.771587481,0.85786802,0.27072758
0.415721727,2.622214023,0.787589499,0.298329356
0.072215311,2.11058971,0.984496124,0.015503876
0.086308192,2.421603927,1,0
0.243841576,2.979092901,0.879328437,0.121720881
0.155118417,2.515873844,0.826219512,0.173780488
0.221584672,2.854913022,0.462290503,0.575418994
0.181584843,2.481442629,0.726072607,0.303630363
0.238102983,2.72427587,0.935849057,0.156603774
0.064515587,2.071882007,0.974576271,0.025423729
0.087375738,1.968482949,0.989247312,0.010752688
0.193519478,2.631443769,0.343457944,0.658878505
0.205336948,2.733197265,0.95194085,0.04805915
0.191391845,2.127104798,1,0
-0.005052323,2.184691431,0.562091503,0.437908497
0.285965221,3.036229544,0.904323827,0.095676173
0.235660527,2.854306042,0.885314685,0.117482517
0.226060352,2.962369336,1,0
0.161149298,2.745074792,0.848920863,0.151079137
0.219774047,2.758911892,0.959930314,0.055749129
0.352652848,2.959041392,0.958241758,0.041758242
0.268887162,2.961895474,0.941048035,0.058951965
0.350220408,3.441223674,0.995293266,0.886314265
0.182077509,2.305351369,1,0.633663366
0.272112429,2.961421094,0.936612022,0.063387978
0.068352308,2.482873584,0.828947368,0.319078947
0.159156867,2.615950052,0.808716707,0.191283293
0.08856643,2.271841607,0.796791444,0.203208556
0.059117454,1.959041392,0.989010989,0.032967033
0.114722558,2.426511261,0.970037453,0.082397004
0.287932601,2.810904281,0.947449768,0.052550232
0.263095264,2.593286067,0.943877551,0.158163265
0.118028659,2.352182518,0.831111111,0.177777778
0.341470455,2.923244019,0.959427208,0.046539379
0.180792995,2.72427587,0.735849057,0.267924528
0.161077834,2.176091259,1,0
0.242104122,2.894316063,0.982142857,0.200255102
0.274845002,2.608526034,0.938423645,0.42364532
0.431712133,3.231979027,0.977139508,0.022860492
0.25401397,2.88592634,0.912873862,0.087126138
0.178974849,2.546542663,0.991477273,0.661931818
0.09083273,2.086359831,0.868852459,0.131147541
0.141654824,2.397940009,0.788,0.248
0.198337376,2.489958479,1,0
0.210909076,2.439332694,0.825454545,0.174545455
0.244445102,2.442479769,0.960288809,0.068592058
-0.15667996,2.161368002,0.972413793,0.027586207
0.095366335,2.064457989,0.922413793,0.344827586
0.091713285,2.542825427,0.756446991,0.303724928
0.222711431,2.681241237,0.997916667,0.002083333
0.275348037,3.006466042,0.697536946,0.302463054
0.148193291,2.685741739,0.758762887,0.369072165
0.402076065,3.041787319,0.980018165,0.019981835
0.116267417,2.439332694,0.945454545,0.054545455
0.277529136,2.945468585,0.797052154,0.206349206
0.191620038,2.737192643,0.763736264,0.236263736
0.110826022,2.436162647,0.732600733,0.267399267
0.070140438,2.315970345,0.758454106,0.391304348
0.140328603,2.51851394,0.972727273,0.387878788
0.420014475,3.536810866,0.9787914,0.031667635
0.042601213,2.045322979,0.936936937,0.063063063
0.273420597,2.383815366,0.995867769,0.004132231
0.115159794,2.436162647,0.864468864,0.135531136
0.038334976,2.181843588,0.460526316,0.539473684
0.146811057,2.498310554,0.853968254,0.146031746
0.243403668,2.815577748,0.848623853,0.175840979
0.39652423,2.773786445,0.978114478,0.052188552
0.123407415,2.187520721,0.993506494,0.006493506
0.33157043,2.494154594,0.875,0.125
-0.14736279,1.707570176,0.568627451,0.588235294
0.10238668,2.6599162,0.387308534,0.717724289
0.254255421,2.747411808,0.889087657,0.617173524
0.02134864,2.012837225,0.990291262,0.009708738
0.340459197,3.118264726,0.948210206,0.051789794
0.152549073,2.593286067,0.875,0.125
0.153436818,2.694605199,0.985858586,0.014141414
0.343275719,3.470410491,0.989167231,0.966486121
0.06221153,2.632457292,0.762237762,0.244755245
0.194694053,2.683047038,0.952282158,0.352697095
0.37560091,2.173186268,0.986577181,0.127516779
0.293100357,2.910624405,0.981572482,0.018427518
0.241869562,2.876217841,0.969414894,0.030585106
0.270909075,3.082066934,0.996688742,0.003311258
0.09682495,2.613841822,0.922141119,0.248175182
0.229880572,2.46686762,0.938566553,0.197952218
0.244313733,2.480006943,0.996688742,0.003311258
0.202067254,2.653212514,0.824444444,0.391111111
0.153671996,2.71432976,0.604247104,0.407335907
0.138403295,2.864511081,0.950819672,0.06557377
0.212895253,2.77524626,0.687919463,0.691275168
0.641949502,3.374748346,0.972995781,0.028270042
0.16622994,2.611723308,0.728606357,0.405867971
0.226167875,2.895422546,0.767175573,0.480916031
0.17844911,2.397940009,0.98,0.02
0.15090721,2.555094449,0.699164345,0.300835655
0.162467229,2.10720997,1,0
0.31433436,2.833147112,0.876651982,0.215859031
0.129545925,2.311753861,0.712195122,0.317073171
0.241062789,2.770115295,0.675721562,0.324278438
0.290750053,2.8876173,0.695595855,0.304404145
0.031862541,2.382017043,0.68879668,0.31120332
0.157297447,2.693726949,0.787449393,0.212550607
0.112588206,2.583198774,0.932114883,0.067885117
0.148365307,2.5774918,0.894179894,0.105820106
0.220305888,2.921166051,0.994004796,0.197841727
0.044867016,2.609594409,0.901719902,0.098280098
0.127445909,2.250420002,0.859550562,0.140449438
0.366857004,3.306425028,0.922469136,0.190123457
0.164662503,2.558708571,0.754143646,0.419889503
0.325601382,3.407560849,0.998435055,0.001564945
0.23934924,2.359835482,0.899563319,0.113537118
0.043320252,2.158362492,0.923611111,0.076388889
0.192457675,3.120244796,0.367702805,0.632297195
0.140726979,2.409933123,0.778210117,0.221789883
0.010579305,1.982271233,0.90625,0.09375
0.092240537,2.539076099,0.939306358,0.060693642
0.365717732,2.26245109,0.978142077,0.021857923
-0.478750628,2.361727836,0.956521739,0.543478261
0.02771307,2.170261715,0.817567568,0.209459459
0.249178935,2.651278014,0.814732143,0.549107143
0.152362483,2.33243846,0.51627907,0.48372093
0.157335384,2.408239965,0.98046875,0.10546875
0.465603046,3.493458051,0.998073836,0.020866774
0.194906928,2.190331698,0.974193548,0.025806452
0.139898848,2.380211242,0.954166667,0.045833333
0.309360876,2.975891136,0.919661734,0.080338266
0.37450733,3.057666104,0.928196147,0.071803853
0.31740217,2.700703717,0.972111554,0.049800797
0.266168438,2.748188027,0.944642857,0.142857143
0.557838834,3.151676231,0.986600846,0.050070522
0.340432208,3.009025742,0.997061704,0.067580803
0.271924196,2.986771734,0.965979381,0.034020619
0.133896421,2.658964843,0.304824561,0.695175439
0.224276263,2.804820679,0.92476489,0.07523511
0.162785198,2.463892989,0.948453608,0.140893471
0.392527389,3.463594402,0.986244842,0.092847318
0.146788864,2.012837225,0.786407767,0.213592233
0.178799865,2.605305046,0.960297767,0.129032258
0.380155629,3.122870923,0.854559156,0.145440844
0.159985595,2.089905111,0.666666667,0.333333333
0.159388009,2.450249108,0.957446809,0.042553191
-0.041887246,2.367355921,0.939914163,0.163090129
0.344139814,3.200303183,0.988650694,0.185372005
0.505791652,3.317018101,0.810120482,0.205301205
0.124617173,2.421603927,0.515151515,0.484848485
0.30041462,3.029383778,0.993457944,0.006542056
0.281642361,3.036229544,0.737810488,0.287948482
0.260070872,3.038620162,0.989935956,0.07136322
0.148593268,2.689308859,0.922290389,0.077709611
0.219736126,2.609594409,0.656019656,0.343980344
0.406509416,3.4827307,0.979598552,0.025666338
0.430534049,3.017033339,0.881730769,0.144230769
0.156508139,2.440909082,0.753623188,0.742753623
0.152752459,2.334453751,0.819444444,0.435185185
0.016170619,2.240549248,0.396551724,0.603448276
0.360184096,3.39880773,0.986826347,0.048303393
0.036942509,2.23299611,0.976608187,0.023391813
0.177585351,2.501059262,0.589905363,0.410094637
0.223931557,2.632457292,0.967365967,0.032634033
0.185701545,2.181843588,0.664473684,0.335526316
0.244749039,2.937016107,0.988439306,0.011560694
0.239053208,3.203304916,0.989981215,0.058234189
0.153228137,2.519827994,0.960725076,0.039274924
0.091128596,2.605305046,0.513647643,0.565756824
0.166140418,2.571708832,0.981233244,0.085790885
0.596152374,3.294906911,0.997971602,0.002028398
0.43629673,3.203576775,0.908010013,0.198372966
0.107511902,2.274157849,0.85106383,0.14893617
0.123414725,2.371067862,0.736170213,0.272340426
0.12443417,2.699837726,0.892215569,0.285429142
0.344700343,2.764922985,0.951890034,0.048109966
0.318301909,2.833784375,0.961876833,0.038123167
0.224980217,2.462397998,0.934482759,0.065517241
0.176625795,2.480006943,0.860927152,0.142384106
0.480428886,3.200850498,0.663098237,0.370906801
0.083265962,2.1430148,0.928057554,0.251798561
0.074072924,2.190331698,0.935483871,0.064516129
0.386558346,3.139564266,0.982596084,0.532994924
0.417292589,3.39252109,0.857027136,0.330498177
0.228612747,2.662757832,0.934782609,0.065217391
0.18895253,2.517195898,0.638297872,0.486322188
0.097485581,2.1430148,0.992805755,0.604316547
0.181627672,2.348304863,0.69955157,0.35426009
0.305962474,2.587710965,0.932816537,0.067183463
0.333829557,2.910624405,0.907862408,0.092137592
0.182436412,2.62324929,0.869047619,0.673809524
0.390389595,3.035429738,0.968663594,0.050691244
0.23740702,2.783188691,0.94398682,0.583196046
0.480416473,2.926342447,0.739336493,0.406398104
-0.063729434,1.755874856,0.947368421,0.052631579
0.075077495,2.475671188,0.74916388,0.347826087
0.438015754,3.205745541,0.96886675,0.065379826
0.184375752,2.893761762,0.385696041,0.614303959
0.07990407,2.139879086,0.572463768,0.427536232
0.133051107,1.991226076,0.785714286,0.408163265
0.11192136,2.146128036,0.985714286,0.085714286
0.104972623,2.190331698,0.741935484,0.780645161
0.231967552,2.669316881,0.655246253,0.344753747
0.301434258,2.981818607,0.885297185,0.226277372
0.315984432,2.986323777,0.968008256,0.349845201
0.142724653,2.762678564,0.725388601,0.449050086
0.338332885,2.923761961,0.506555423,0.493444577
0.281672856,2.669316881,0.912205567,0.205567452
0.208545703,2.906335042,0.919354839,0.198511166
0.164164691,2.369215857,0.991452991,0.760683761
0.336061144,2.859738566,0.846685083,0.274861878
0.139875468,2.495544338,0.984025559,0.015974441
0.49394926,3.2955671,0.999493671,0.008607595
0.299301741,2.469822016,0.983050847,0.210169492
-0.084475752,2.079181246,0.941666667,0.058333333
0.063767235,2.385606274,0.308641975,0.711934156
0.284657099,3.035829825,0.944751381,0.103130755
0.192532911,2.965671971,0.961038961,0.038961039
0.285732359,2.924279286,0.66547619,0.597619048
0.173598913,2.46686762,0.955631399,0.249146758
0.016044592,2.311753861,0.6,0.4
0.273354108,2.871572936,0.715053763,0.310483871
0.093064907,2.831869774,0.098674521,0.973490427
0.159693387,1.986771734,0.969072165,0.030927835
0.072735238,1.954242509,0.988888889,0.011111111
0.174933492,2.460897843,0.951557093,0.404844291
0.217661381,2.753583059,0.873015873,0.126984127
0.215135821,2.550228353,0.969014085,0.098591549
0.143454887,2.643452676,0.913636364,0.086363636
0.288559776,2.959518377,0.996706915,0.232711306
0.335518136,2.774516966,0.946218487,0.475630252
0.268983283,2.974050903,0.994692144,0.274946921
0.32838635,3.441852176,0.820679682,0.81670282
-0.038665757,1.799340549,0.904761905,0.095238095
0.188843141,2.804820679,0.868338558,0.175548589
0.139348489,2.322219295,0.876190476,0.428571429
0.167270887,2.409933123,0.961089494,0.038910506
0.441556308,3.077004327,0.980737018,0.019262982
0.05915057,2.049218023,0.910714286,0.089285714
0.212470959,2.949390007,0.88988764,0.14494382
0.320228488,3.286007122,0.962215321,0.253623188
0.307634079,2.5132176,0.941717791,0.058282209
0.195998455,2.387389826,0.819672131,0.180327869
0.23003681,2.753583059,0.841269841,0.158730159
0.149833753,2.305351369,0.792079208,0.207920792
0.231598745,2.869818208,0.986504723,0.284750337
0.001915304,1.544068044,0.8,0.285714286
-0.242453953,0.954242509,1,0.111111111
0.085685274,2.599883072,0.778894472,0.386934673
0.34649894,3.309630167,0.968627451,0.080392157
0.058982819,1.995635195,0.98989899,0.060606061
0.221758667,2.867467488,0.932157395,0.067842605
0.183921329,2.096910013,1,0
0.037360016,1.897627091,0.683544304,0.569620253
0.189863403,2.721810615,0.95256167,0.233396584
0.172530465,2.702430536,0.821428571,0.178571429
0.361446763,3.415307292,0.928900846,0.10914681
0.326286273,3.28171497,0.907997909,0.3951908
0.111181093,2.071882007,0.974576271,0.279661017
0.170000122,2.593286067,0.602040816,0.617346939
0.130351025,2.517195898,0.650455927,0.349544073
0.223160917,2.770115295,0.813242784,0.186757216
0.087059019,2.385606274,0.744855967,0.530864198
0.262398365,2.592176757,0.938618926,0.143222506
0.197078162,2.307496038,0.945812808,0.128078818
0.1673972,2.491361694,0.909677419,0.15483871
0.596919285,3.04060234,0.797814208,0.204007286
0.307252951,2.683947131,0.950310559,0.385093168
0.116605314,2.260071388,1,0
0.194073539,2.781036939,0.913907285,0.086092715
0.16119798,2.58546073,0.94025974,0.05974026
0.494166422,2.021189299,0.904761905,0.304761905
0.452870369,2.942999593,0.935005701,0.064994299
0.301938508,2.705007959,0.936883629,0.297830375
0.4165148,3.11991541,0.993930197,0.006069803
0.226029372,3.157758886,0.996522949,0.003477051
0.18636131,2.626340367,0.806146572,0.241134752
0.266223759,3.047664195,0.508960573,0.514336918
0.262660242,2.814913181,1,0.145482389
0.252502442,2.811575006,0.908950617,0.74691358
0.29459019,2.902546779,0.982478098,0.128911139
0.047313346,2.235528447,0.476744186,0.523255814
0.149371001,2.408239965,0.85546875,0.359375
0.142916946,2.559906625,0.787878788,0.550964187
0.175696081,2.726727209,0.844277674,0.242026266
0.151134736,2.652246341,0.908685969,0.10467706
0.180723629,2.372912003,0.970338983,0.029661017
0.160099333,2.705863712,0.568897638,0.431102362
0.021671325,2.161368002,0.772413793,0.227586207
0.191710794,2.8162413,0.841221374,0.158778626
0.108148729,2.371067862,0.94893617,0.331914894
0.291019614,2.723455672,0.964083176,0.035916824
0.225760082,3.203304916,0.629931121,0.425172198
0.133540677,2.72427587,0.464150943,0.535849057
0.461034993,3.461948495,0.98895409,0.040386607
0.0937804,2.053078443,1,0
0.177756109,2.380211242,0.979166667,0.204166667
0.260733653,2.810232518,0.674922601,0.476780186
0.040827438,2.100370545,0.325396825,0.714285714
0.071524506,2.587710965,0.824289406,0.175710594
0.098106988,2.56937391,0.824797844,0.175202156
0.215906304,2.644438589,0.943310658,0.231292517
0.176321279,2.725911632,0.79887218,0.20112782
0.192276445,2.789580712,0.907467532,0.092532468
0.194011791,2.669316881,0.867237687,0.132762313
0.255235719,3.041392685,0.913636364,0.130909091
0.352159006,2.730782276,0.87732342,0.356877323
0.194480524,2.167317335,0.639455782,0.421768707
0.359784826,3.461048092,0.979591837,0.151850571
0.130089411,2.664641976,0.865800866,0.134199134
0.100155901,2.58546073,0.698701299,0.301298701
0.279966612,3.206015877,0.99502178,0.00497822
0.1901436,2.790988475,0.791262136,0.208737864
0.03992867,2.079181246,0.725,0.275
-0.203952073,1.176091259,1,0.266666667
0.132936187,2.264817823,0.967391304,0.163043478
0.323353752,2.800717078,0.890822785,0.109177215
0.116104952,2.243038049,0.977142857,0.022857143
0.282005026,3.043362278,0.938461538,0.061538462
0.074856259,2.546542663,0.977272727,0.022727273
0.155847883,2.649334859,0.825112108,0.385650224
0.127677976,2.46686762,0.440273038,0.559726962
0.194872122,2.093421685,1,0
0.217175345,2.545307116,0.615384615,0.735042735
0.361132303,3.513883186,1,0
0.243262255,3.018284308,0.971236817,0.028763183
0.297978388,3.079904468,0.989184692,0.010815308
0.280930767,3.137670537,0.918426803,0.356882739
0.354574221,3.163161375,0.995192308,0.004807692
0.476718584,3.149527014,0.996456414,0.003543586
0.13521859,2.421603927,0.799242424,0.200757576
0.171976067,2.133538908,0.926470588,0.073529412
0.052352475,2.068185862,1,0
0.242721398,2.936513742,0.956018519,0.650462963
0.444752133,2.664641976,0.928571429,0.584415584
0.226765122,2.73239376,0.972222222,0.205555556
0.643822323,3.152594078,0.984517945,0.27375088
0.121830992,2.890979597,0.976863753,0.071979434
0.253317035,3.015778756,0.816779171,0.488910318
0.112484039,2.260071388,0.950549451,0.049450549
0.359298703,2.562292864,0.846575342,0.17260274
0.101083396,2.305351369,0.816831683,0.183168317
0.0708993,2.301029996,0.98,0.02
0.249148394,2.315970345,0.729468599,0.270531401
0.324713074,2.760422483,0.730902778,0.359375
0.04296303,2.187520721,0.655844156,0.350649351
0.319451757,3.159567193,0.825484765,0.310941828
0.149899809,2.557507202,0.908587258,0.091412742
0.164885537,2.546542663,0.767045455,0.232954545
0.093439155,2.238046103,0.895953757,0.104046243
0.106031048,2.281033367,0.827225131,0.172774869
0.172043521,2.63447727,0.946635731,0.053364269
0.244813619,2.501059262,0.94637224,0.135646688
0.168445514,2.460897843,0.92733564,0.103806228
0.108019406,2.31386722,0.873786408,0.126213592
0.16137711,2.120573931,0.871212121,0.128787879
-0.029674391,2.100370545,0.833333333,0.166666667
0.160113087,2.806179974,0.709375,0.290625
0.241351824,2.372912003,0.978813559,0.207627119
0.345871182,3.400710637,0.911764706,0.088235294
0.402691835,2.881954971,0.977690289,0.022309711
0.181475004,3.128722284,0.803717472,0.211152416
0.025824052,2.283301229,0.84375,0.203125
0.017761751,1.968482949,0.978494624,0.021505376
0.455258328,3.467903947,0.989785495,0.010214505
0.181353662,2.654176542,0.924611973,0.093126386
0.226959082,2.385606274,0.806584362,0.193415638
0.117304017,2.517195898,0.589665653,0.422492401
0.24001958,2.50242712,0.981132075,0.619496855
0.422810342,3.006466042,0.799014778,0.200985222
0.06205308,2.173186268,0.590604027,0.409395973
0.159909373,2.499687083,0.857594937,0.174050633
0.28875267,2.736396502,0.552293578,0.447706422
0.192232109,2.506505032,0.831775701,0.168224299
0.13741933,1.770852012,0.813559322,0.644067797
0.113721261,2.021189299,0.980952381,0.019047619
0.412590758,2.309630167,0.661764706,0.460784314
0.233333852,2.517195898,0.975683891,0.024316109
0.372921049,3.049218023,0.944642857,0.055357143
0.41428481,2.365487985,0.724137931,0.461206897
0.26302404,2.501059262,0.977917981,0.223974763
0.190732731,2.419955748,0.920152091,0.482889734
0.006605459,1.892094603,0.935897436,0.08974359
0.237334387,2.748962861,0.852049911,0.147950089
0.314424681,3.050766311,0.800711744,0.258896797
0.239254319,2.484299839,0.901639344,0.183606557
0.174319594,2.662757832,0.984782609,0.17173913
0.074977712,2.423245874,0.803773585,0.324528302
0.298522163,2.80685803,0.929797192,0.106084243
0.193135421,2.534026106,0.628654971,0.476608187
0.082482967,2.133538908,0.823529412,0.360294118
0.288287989,2.463892989,0.804123711,0.24742268
0.002645022,2.08278537,0.710743802,0.305785124
0.266666779,2.737192643,0.923076923,0.626373626
0.053389339,2.699837726,0.584830339,0.670658683
0.992581807,3.26927939,0.967186659,0.195266272
0.351968383,2.934498451,0.875581395,0.224418605
0.143072935,2.522444234,0.897897898,0.444444444
0.267483144,2.603144373,0.890274314,0.209476309
0.006470614,1.991226076,0.755102041,0.244897959
0.208986504,2.633468456,0.802325581,0.381395349
0.306357298,2.822168079,0.936746988,0.064759036
-0.102292904,2.769377326,0.853741497,0.591836735
0.258173396,2.656098202,0.966887417,0.130242826
0.114801684,2.08278537,0.950413223,0.561983471
0.459108602,3.36567514,0.990521327,0.067643257
0.044807135,1.919078092,0.698795181,0.301204819
0.237788186,3.379668034,0.942010847,0.057989153
0.234956649,3.0523091,0.97606383,0.218085106
0.324307502,2.495544338,0.757188498,0.415335463
0.348072775,2.149219113,0.787234043,0.255319149
-0.043595325,2.017033339,0.769230769,0.230769231
-0.066194734,2.227886705,0.426035503,0.573964497
0.307775538,3.124830149,0.984996249,0.015003751
0.111580289,2.40654018,0.717647059,0.282352941
0.29178873,2.746634199,0.792114695,0.290322581
0.31948471,3.280350693,0.883062402,0.211851075
0.215253656,2.705007959,0.982248521,0.096646943
-0.49801016,1.322219295,1,0
0.21922859,2.720985744,0.865019011,0.134980989
0.075273157,2.389166084,0.951020408,0.048979592
0.11852181,2.227886705,0.715976331,0.284023669
0.147926144,2.136720567,0.897810219,0.102189781
0.324437059,3.088136089,0.908571429,0.543673469
0.244071625,2.447158031,0.939285714,0.060714286
0.31474757,2.626340367,0.777777778,0.423167849
0.258236705,2.704150517,0.756916996,0.377470356
0.36111556,2.553883027,0.94972067,0.05027933
0.16575147,2.635483747,0.928240741,0.071759259
0.202840204,2.646403726,0.749435666,0.250564334
0.093035551,2.411619706,0.875968992,0.124031008
-0.201643037,2.113943352,0.961538462,0.038461538
0.109448535,2.252853031,0.960893855,0.039106145
0.196412305,2.959041392,0.372527473,0.627472527
-0.024525188,1.924279286,0.964285714,0.035714286
0.146182824,2.334453751,0.805555556,0.194444444
0.231283793,2.613841822,0.931873479,0.501216545
0.1112874,2.206825876,0.962732919,0.037267081
0.241197779,2.908485019,0.949382716,0.332098765
0.23096928,3.273001272,0.818666667,0.181333333
0.174351423,2.64246452,0.769931663,0.280182232
0.162047588,2.499687083,0.977848101,0.022151899
0.227034091,2.895422546,0.753180662,0.525445293
0.079519843,2.292256071,0.948979592,0.051020408
0.182014707,2.475671188,0.668896321,0.377926421
0.312263407,3.098989639,0.931528662,0.594745223
0.090391964,2.526339277,0.952380952,0.047619048
0.20286341,2.397940009,0.88,0.264
0.173935436,2.691081492,0.99389002,0.682281059
0.296951437,3.074450719,0.936815501,0.380791912
0.353700146,2.489958479,0.964401294,0.113268608
0.045481454,2.596597096,0.518987342,0.734177215
0.59921901,3.223495941,0.997609085,0.002390915
0.245434604,2.864511081,0.961748634,0.151639344
0.560604216,3.295127085,0.961986822,0.110998479
0.125499575,2.564666064,0.765667575,0.234332425
0.251979014,2.951823035,0.960893855,0.048044693
0.09759289,2.290034611,0.41025641,0.58974359
0.141318918,2.485721426,0.830065359,0.169934641
0.109620392,2.387389826,0.868852459,0.131147541
0.026279025,2.324282455,0.559241706,0.668246445
0.133593912,2.553883027,0.832402235,0.709497207
0.220331689,2.810904281,0.924265842,0.103554869
0.127719154,2.638489257,0.71954023,0.28045977
0.287520215,2.978180517,0.952681388,0.10935857
0.307622577,3.121559844,0.998488284,0.001511716
0.407010682,2.432969291,0.542435424,0.63099631
0.15050411,2.478566496,0.803986711,0.196013289
0.132742098,2.428134794,0.921641791,0.343283582
-0.149505485,0.903089987,0.75,0.75
0.245675382,2.617000341,0.594202899,0.405797101
0.072002604,2.356025857,0.876651982,0.136563877
0.507353455,2.409933123,0.988326848,0.112840467
0.25910964,2.848804701,0.958923513,0.09631728
0.194631047,2.703291378,0.968316832,0.031683168
0.207128267,2.472756449,0.552188552,0.616161616
0.279988339,2.713490543,0.847195358,0.715667311
0.125745694,1.924279286,0.821428571,0.702380952
0.31630601,3.311329952,0.83203125,0.269042969
0.138481561,2.684845362,0.896694215,0.448347107
0.138631945,2.428134794,0.850746269,0.149253731
0.300684272,3.400710637,0.980922099,0.048489666
0.095703175,2.167317335,0.986394558,0.013605442
0.406327342,3.373647472,0.941624365,0.170050761
0.166769427,2.346352974,0.914414414,0.085585586
0.055017342,2.064457989,0.922413793,0.448275862
0.032901573,2.075546961,0.932773109,0.109243697
0.051406993,2.387389826,0.426229508,0.573770492
0.317607086,2.86569606,0.983651226,0.016348774
0.287707843,3.115943177,0.999234303,0.000765697
0.25279112,2.925827575,0.99881376,0.028469751
0.37649302,3.203032887,0.719298246,0.719298246
0.036775798,2.383815366,0.533057851,0.545454545
0.382150487,2.938519725,0.966589862,0.054147465
0.203051463,2.45331834,0.947183099,0.077464789
0.140569386,2.64246452,0.697038724,0.302961276
0.177579711,2.564666064,0.83106267,0.384196185
0.062452652,2.212187604,1,0
0.117738254,2.44870632,0.950177936,0.049822064
-0.060421493,1.875061263,0.52,0.48
-0.091621109,1.819543936,0.696969697,0.303030303
0.128778405,2.769377326,0.777210884,0.370748299
0.214610157,2.587710965,0.925064599,0.074935401
0.139165707,2.887054378,0.957198444,0.321660182
0.13599328,2.667452953,0.576344086,0.430107527
0.072317946,2.187520721,0.564935065,0.564935065
0.163398811,2.432969291,0.992619926,0.527675277
0.473642838,3.513883186,0.964471669,0.162940276
0.005620036,1.643452676,1,0
0.119584171,2.600972896,0.62406015,0.64160401
0.010826394,2.025305865,0.528301887,0.509433962
0.57665997,3.477844476,0.954409318,0.054575707
0.056106738,1.851258349,0.661971831,0.338028169
0.086180365,2.068185862,0.837606838,0.162393162
0.456669753,3.338057875,0.9912764,0.056932966
0.056454238,2.06069784,1,0
0.206673466,2.63447727,0.568445476,0.431554524
0.230175157,2.283301229,0.604166667,0.395833333
0.219577552,2.575187845,0.664893617,0.377659574
0.215268254,2.511883361,0.916923077,0.083076923
0.17679391,3.046495164,0.212039533,0.787960467
0.147491469,2.301029996,1,0
0.076554531,2.456366033,0.98951049,0.01048951
0.265897036,3.155336037,0.974825175,0.114685315
0.00658295,1.897627091,0.962025316,0.329113924
0.246819217,2.824776462,0.98502994,0.01497006
0.07665288,2.597695186,0.75,0.25
0.243016436,2.62838893,0.969411765,0.369411765
0.204051417,2.719331287,0.715648855,0.345419847
0.137468891,2.488550717,0.827922078,0.211038961
0.083977172,2.36361198,0.406926407,0.623376623
0.052631655,1.755874856,0.929824561,0.070175439
0.139561269,2.550228353,0.935211268,0.208450704
0.132601074,2.877371346,0.655172414,0.50795756
-0.073190185,2.369215857,0.948717949,0.051282051
0.107410424,2.181843588,0.809210526,0.355263158
0.280190731,2.902002891,0.844611529,0.155388471
0.022947965,2.45484486,0.592982456,0.407017544
0.020722522,1.84509804,0.857142857,0.342857143
0.103796746,2.480006943,0.745033113,0.503311258
0.217841003,3.005609445,0.949654492,0.515301086
0.305537746,3.215373153,0.926918392,0.147990256
0.157982285,2.477121255,0.82,0.18
0.050535281,2.469822016,0.477966102,0.522033898
0.263132157,2.181843588,0.907894737,0.092105263
0.232333462,2.788168371,0.936482085,0.078175896
0.15885514,2.354108439,0.730088496,0.765486726
0.269129673,2.954724791,0.748057714,0.285238624
0.233720506,2.582063363,0.767015707,0.418848168
0.18324866,2.451786436,0.784452297,0.215547703
0.039689687,1.72427587,0.962264151,0.113207547
0.173843548,2.582063363,0.90052356,0.09947644
0.104505577,2.336459734,0.811059908,0.188940092
0.089381991,2.257678575,0.955801105,0.044198895
0.242398678,2.698100546,0.98997996,0.156312625
0.208512323,2.802773725,0.916535433,0.234645669
0.283195253,2.746634199,0.555555556,0.444444444
0.166039756,2.772321707,0.8125,0.233108108
0.1952172,2.369215857,0.824786325,0.205128205
0.140945108,2.703291378,0.538613861,0.461386139
0.119311204,2.245512668,0.954545455,0.232954545
0.3638376,3.437116093,0.988304094,0.915570175
0.22123042,2.618048097,0.96626506,0.754216867
0.199516259,2.703291378,0.807920792,0.255445545
0.170629344,2.67669361,0.812631579,0.187368421
0.260066183,3.054995862,0.565638767,0.468722467
0.100651823,2.225309282,0.589285714,0.410714286
0.342664745,2.290034611,0.907692308,0.102564103
0.315609196,2.866287339,0.873469388,0.206802721
0.045309901,2.195899652,0.732484076,0.27388535
0.229539357,2.426511261,0.816479401,0.741573034
0.143775096,2.049218023,0.955357143,0.044642857
0.161159172,2.498310554,0.736507937,0.333333333
0.328427778,2.635483747,0.935185185,0.143518519
0.260674856,2.78604121,0.762684124,0.494271686
0.338091143,3.227886705,0.891715976,0.804142012
0.127681881,2.336459734,0.857142857,0.142857143
0.307274463,3.064083436,0.803278689,0.32096635
0.17692795,2.604226053,0.776119403,0.236318408
-0.026213464,2.021189299,0.447619048,0.552380952
0.097335491,2.190331698,0.851612903,0.374193548
0.231740835,2.632457292,0.701631702,0.298368298
0.195090048,2.385606274,0.781893004,0.518518519
0.171345196,2.572871602,0.580213904,0.419786096
0.211758342,2.736396502,0.8,0.401834862
0.079131995,1.806179974,0.671875,0.34375
0.098343629,2.424881637,0.718045113,0.330827068
-0.023808542,2.017033339,0.701923077,0.548076923
0.268138437,2.846337112,0.843304843,0.735042735
0.21259802,2.872738827,0.936997319,0.194369973
0.088810721,2.462397998,0.817241379,0.224137931
0.136258449,2.408239965,0.73046875,0.41796875
-6.36E-05,2.178976947,0.82781457,0.17218543
-0.135448263,1.447158031,0.285714286,0.821428571
0.304698823,2.858537198,0.807479224,0.192520776
0.207058123,2.650307523,0.890380313,0.161073826
0.100656791,2.212187604,0.846625767,0.417177914
0.125671222,2.411619706,0.829457364,0.290697674
0.155427477,2.522444234,0.921921922,0.456456456
-0.009129208,2.075546961,0.596638655,0.537815126
0.144355423,2.614897216,0.560679612,0.524271845
0.161814368,2.380211242,0.9125,0.0875
0.084125283,2.079181246,1,0.041666667
0.238144671,2.743509765,0.797833935,0.202166065
0.266472097,2.822821645,0.926315789,0.181954887
0.248606089,2.820201459,0.987897126,0.051437216
0.198045672,2.50242712,0.610062893,0.591194969
0.125285908,2.638489257,0.87816092,0.643678161
0.041245181,1.908485019,0.444444444,0.654320988
0.024906425,2.004321374,0.752475248,0.277227723
-0.07477808,2.021189299,0.819047619,0.476190476
0.108740396,2.492760389,0.360128617,0.639871383
0.656836964,2.944975908,0.713961407,0.374574347
0.263992604,2.948412966,0.997747748,0.523648649
0.030429472,2.064457989,0.896551724,0.120689655
0.23826101,2.833147112,0.845814978,0.182085169
0.069907693,2.418301291,0.965648855,0.095419847
0.204028783,2.507855872,0.885093168,0.394409938
0.482101362,2.416640507,0.812260536,0.283524904
0.225154063,2.50242712,0.883647799,0.327044025
0.154085348,2.439332694,0.901818182,0.552727273
0.186085539,2.597695186,0.941919192,0.457070707
0.198914205,2.867467488,0.852103121,0.147896879
0.163282009,2.930949031,0.890973036,0.478311841
0.438408358,3.192567453,0.955712452,0.175224647
0.074787226,2.290034611,0.902564103,0.164102564
0.238149239,3.123524981,0.986455982,0.925507901
0.037513856,2.037426498,0.871559633,0.357798165
0.32275148,3.108903128,0.947081712,0.372762646
0.152856574,2.437750563,0.802919708,0.291970803
0.061956601,2.786751422,0.566993464,0.604575163
0.329046612,3.028977705,0.918615529,0.109448082
0.156200158,2.539076099,0.901734104,0.208092486
0.024748174,2.164352856,0.821917808,0.294520548
0.280448372,2.57054294,0.809139785,0.588709677
0.203615617,2.740362689,0.76,0.296363636
0.205779349,2.837588438,0.690406977,0.327034884
-0.018156682,2.336459734,0.967741935,0.552995392
0.251755582,2.900367129,0.569811321,0.576100629
0.002025329,2.178976947,0.364238411,0.721854305
0.209953897,2.281033367,0.863874346,0.136125654
0.21348745,2.421603927,0.928030303,0.306818182
0.213903484,2.31386722,0.791262136,0.208737864
0.159743351,2.356025857,0.863436123,0.136563877
0.08078226,2.423245874,0.849056604,0.150943396
0.150304367,2.459392488,0.902777778,0.097222222
0.185142719,2.696356389,0.899396378,0.100603622
0.275962427,2.606381365,0.997524752,0.002475248
0.208943629,2.773054693,0.89544688,0.10455312
0.171833951,2.387389826,0.942622951,0.057377049
0.099576067,2.460897843,0.889273356,0.674740484
0.090121351,2.474216264,0.895973154,0.151006711
-0.029942043,2.28780173,0.670103093,0.329896907
0.133524426,2.421603927,0.931818182,0.068181818
0.253623705,2.607455023,0.735802469,0.264197531
0.174714233,2.599883072,0.967336683,0.090452261
0.426466476,3.090258053,0.969130788,0.044679123
0.158219591,2.484299839,0.832786885,0.167213115
0.086848984,2.526339277,0.681547619,0.360119048
0.218919719,2.698100546,0.641282565,0.607214429
0.20511735,2.873901598,0.914438503,0.085561497
0.328940025,3.139249218,0.982583454,0.028301887
0.265949489,2.816903839,0.885670732,0.114329268
0.178796302,2.898176483,0.96460177,0.03539823
0.097152727,2.181843588,0.973684211,0.026315789
0.199769715,2.700703717,0.948207171,0.051792829
0.082622916,2.326335861,0.849056604,0.150943396
0.321869149,2.895422546,0.910941476,0.089058524
0.064899798,2.320146286,0.631578947,0.516746411
0.254596753,2.929418926,0.805882353,0.194117647
0.180650528,2.698100546,0.955911824,0.058116232
0.185967232,2.456366033,0.559440559,0.524475524
0.333335971,2.839478047,0.89146165,0.10853835
0.062385223,2.214843848,0.652439024,0.390243902
0.074117583,2.176091259,0.913333333,0.086666667
0.27667285,3.246252312,0.952353942,0.062960862
0.054563816,2.089905111,0.894308943,0.317073171
0.021318912,2.012837225,0.902912621,0.145631068
0.269775378,3.187802639,0.940298507,0.101232966
0.348845798,3.317227349,0.952793834,0.162813102
0.377613477,2.909020854,0.847102343,0.152897657
0.114027154,2.64738297,0.763513514,0.236486486
0.517531592,2.56937391,0.654986523,0.447439353
0.138001554,2.475671188,0.795986622,0.204013378
0.21069622,2.803457116,0.902515723,0.097484277
0.495848685,3.217747073,0.764385221,0.277407632
0.243848042,2.485721426,0.934640523,0.264705882
0.159338119,2.658964843,0.686403509,0.453947368
0.017406811,2.567026366,0.799457995,0.433604336
0.116837654,2.198657087,0.886075949,0.113924051
0.245129427,2.618048097,0.98313253,0.01686747
0.363864856,3.302979937,0.996017919,0.011946242
0.097789742,2.614897216,0.788834951,0.211165049
0.268836992,3.160768562,0.226519337,0.773480663
0.147451321,2.530199698,0.557522124,0.448377581
0.121064251,2.442479769,0.545126354,0.57400722
0.231134107,2.837588438,0.949127907,0.059593023
0.072048465,1.77815125,0.916666667,0.083333333
0.212120693,2.51851394,0.948484848,0.190909091
0.184277699,2.434568904,0.992647059,0.007352941
0.03003801,1.812913357,0.923076923,0.076923077
0.133007069,2.309630167,0.799019608,0.225490196
0.218590944,2.498310554,0.882539683,0.117460317
0.159024295,2.854913022,0.367318436,0.67877095
0.172125968,2.562292864,0.890410959,0.493150685
0.544092593,2.761175813,0.916811092,0.726169844
-0.211894132,0.903089987,0.875,0.125
0.122626847,2.255272505,0.922222222,0.077777778
0.160506432,2.227886705,0.99408284,0.224852071
0.4165765,2.605305046,0.779156328,0.635235732
0.180492552,2.651278014,0.904017857,0.685267857
0.059547832,2.225309282,0.767857143,0.232142857
0.338105864,2.854913022,0.927374302,0.072625698
0.450126041,3.003029471,0.685203575,0.314796425
0.120865311,2.481442629,0.887788779,0.128712871
0.026489293,1.897627091,0.949367089,0.050632911
0.094351703,2.26245109,0.918032787,0.218579235
0.267174794,3.228400359,0.898345154,0.584515366
0.334273677,3.252367514,0.993288591,0.710290828
0.140092583,2.563481085,0.915300546,0.084699454
0.256160332,2.230448921,0.658823529,0.341176471
0.248563518,2.845718018,0.981455064,0.018544936
